CRASH DATE,num_crashes,tavg,precipitation,bad_weather,temp_category,is_weekend
2019-01-01,430,13.379155266757866,0.13641130870953033,0,Mild,0
2019-01-02,502,13.379155266757866,0.13641130870953033,0,Mild,0
2019-01-03,504,13.379155266757866,0.13641130870953033,0,Mild,0
2019-01-04,598,13.379155266757866,0.13641130870953033,0,Mild,0
2019-01-05,455,13.379155266757866,0.13641130870953033,0,Mild,1
2019-01-06,376,13.379155266757866,0.13641130870953033,0,Mild,1
2019-01-07,584,13.379155266757866,0.13641130870953033,0,Mild,0
2019-01-08,571,13.379155266757866,0.13641130870953033,0,Mild,0
2019-01-09,514,13.379155266757866,0.13641130870953033,0,Mild,0
2019-01-10,580,13.379155266757866,0.13641130870953033,0,Mild,0
2019-01-11,644,13.379155266757866,0.13641130870953033,0,Mild,0
2019-01-12,520,13.379155266757866,0.13641130870953033,0,Mild,1
2019-01-13,374,13.379155266757866,0.13641130870953033,0,Mild,1
2019-01-14,703,13.379155266757866,0.13641130870953033,0,Mild,0
2019-01-15,618,13.379155266757866,0.13641130870953033,0,Mild,0
2019-01-16,579,13.379155266757866,0.13641130870953033,0,Mild,0
2019-01-17,586,13.379155266757866,0.13641130870953033,0,Mild,0
2019-01-18,596,13.379155266757866,0.13641130870953033,0,Mild,0
2019-01-19,479,13.379155266757866,0.13641130870953033,0,Mild,1
2019-01-20,411,13.379155266757866,0.13641130870953033,0,Mild,1
2019-01-21,412,13.379155266757866,0.13641130870953033,0,Mild,0
2019-01-22,627,13.379155266757866,0.13641130870953033,0,Mild,0
2019-01-23,553,13.379155266757866,0.13641130870953033,0,Mild,0
2019-01-24,592,13.379155266757866,0.13641130870953033,0,Mild,0
2019-01-25,666,13.379155266757866,0.13641130870953033,0,Mild,0
2019-01-26,533,13.379155266757866,0.13641130870953033,0,Mild,1
2019-01-27,445,13.379155266757866,0.13641130870953033,0,Mild,1
2019-01-28,565,13.379155266757866,0.13641130870953033,0,Mild,0
2019-01-29,681,13.379155266757866,0.13641130870953033,0,Mild,0
2019-01-30,630,13.379155266757866,0.13641130870953033,0,Mild,0
2019-01-31,601,13.379155266757866,0.13641130870953033,0,Mild,0
2019-02-01,651,13.379155266757866,0.13641130870953033,0,Mild,0
2019-02-02,577,13.379155266757866,0.13641130870953033,0,Mild,1
2019-02-03,490,13.379155266757866,0.13641130870953033,0,Mild,1
2019-02-04,651,13.379155266757866,0.13641130870953033,0,Mild,0
2019-02-05,570,13.379155266757866,0.13641130870953033,0,Mild,0
2019-02-06,615,13.379155266757866,0.13641130870953033,0,Mild,0
2019-02-07,588,13.379155266757866,0.13641130870953033,0,Mild,0
2019-02-08,661,13.379155266757866,0.13641130870953033,0,Mild,0
2019-02-09,540,13.379155266757866,0.13641130870953033,0,Mild,1
2019-02-10,445,13.379155266757866,0.13641130870953033,0,Mild,1
2019-02-11,568,13.379155266757866,0.13641130870953033,0,Mild,0
2019-02-12,687,13.379155266757866,0.13641130870953033,0,Mild,0
2019-02-13,639,13.379155266757866,0.13641130870953033,0,Mild,0
2019-02-14,664,13.379155266757866,0.13641130870953033,0,Mild,0
2019-02-15,616,13.379155266757866,0.13641130870953033,0,Mild,0
2019-02-16,535,13.379155266757866,0.13641130870953033,0,Mild,1
2019-02-17,439,13.379155266757866,0.13641130870953033,0,Mild,1
2019-02-18,406,13.379155266757866,0.13641130870953033,0,Mild,0
2019-02-19,527,13.379155266757866,0.13641130870953033,0,Mild,0
2019-02-20,615,13.379155266757866,0.13641130870953033,0,Mild,0
2019-02-21,597,13.379155266757866,0.13641130870953033,0,Mild,0
2019-02-22,546,13.379155266757866,0.13641130870953033,0,Mild,0
2019-02-23,439,13.379155266757866,0.13641130870953033,0,Mild,1
2019-02-24,401,13.379155266757866,0.13641130870953033,0,Mild,1
2019-02-25,700,13.379155266757866,0.13641130870953033,0,Mild,0
2019-02-26,670,13.379155266757866,0.13641130870953033,0,Mild,0
2019-02-27,529,13.379155266757866,0.13641130870953033,0,Mild,0
2019-02-28,699,13.379155266757866,0.13641130870953033,0,Mild,0
2019-03-01,711,13.379155266757866,0.13641130870953033,0,Mild,0
2019-03-02,642,13.379155266757866,0.13641130870953033,0,Mild,1
2019-03-03,503,13.379155266757866,0.13641130870953033,0,Mild,1
2019-03-04,503,13.379155266757866,0.13641130870953033,0,Mild,0
2019-03-05,639,13.379155266757866,0.13641130870953033,0,Mild,0
2019-03-06,589,13.379155266757866,0.13641130870953033,0,Mild,0
2019-03-07,556,13.379155266757866,0.13641130870953033,0,Mild,0
2019-03-08,652,13.379155266757866,0.13641130870953033,0,Mild,0
2019-03-09,523,13.379155266757866,0.13641130870953033,0,Mild,1
2019-03-10,462,13.379155266757866,0.13641130870953033,0,Mild,1
2019-03-11,645,13.379155266757866,0.13641130870953033,0,Mild,0
2019-03-12,586,13.379155266757866,0.13641130870953033,0,Mild,0
2019-03-13,562,13.379155266757866,0.13641130870953033,0,Mild,0
2019-03-14,611,13.379155266757866,0.13641130870953033,0,Mild,0
2019-03-15,673,13.379155266757866,0.13641130870953033,0,Mild,0
2019-03-16,550,13.379155266757866,0.13641130870953033,0,Mild,1
2019-03-17,419,13.379155266757866,0.13641130870953033,0,Mild,1
2019-03-18,575,13.379155266757866,0.13641130870953033,0,Mild,0
2019-03-19,565,13.379155266757866,0.13641130870953033,0,Mild,0
2019-03-20,584,13.379155266757866,0.13641130870953033,0,Mild,0
2019-03-21,624,13.379155266757866,0.13641130870953033,0,Mild,0
2019-03-22,718,13.379155266757866,0.13641130870953033,0,Mild,0
2019-03-23,530,13.379155266757866,0.13641130870953033,0,Mild,1
2019-03-24,466,13.379155266757866,0.13641130870953033,0,Mild,1
2019-03-25,526,13.379155266757866,0.13641130870953033,0,Mild,0
2019-03-26,610,13.379155266757866,0.13641130870953033,0,Mild,0
2019-03-27,562,13.379155266757866,0.13641130870953033,0,Mild,0
2019-03-28,644,13.379155266757866,0.13641130870953033,0,Mild,0
2019-03-29,563,13.379155266757866,0.13641130870953033,0,Mild,0
2019-03-30,516,13.379155266757866,0.13641130870953033,0,Mild,1
2019-03-31,450,13.379155266757866,0.13641130870953033,0,Mild,1
2019-04-01,602,13.379155266757866,0.13641130870953033,0,Mild,0
2019-04-02,553,13.379155266757866,0.13641130870953033,0,Mild,0
2019-04-03,613,13.379155266757866,0.13641130870953033,0,Mild,0
2019-04-04,660,13.379155266757866,0.13641130870953033,0,Mild,0
2019-04-05,701,13.379155266757866,0.13641130870953033,0,Mild,0
2019-04-06,587,13.379155266757866,0.13641130870953033,0,Mild,1
2019-04-07,487,13.379155266757866,0.13641130870953033,0,Mild,1
2019-04-08,594,13.379155266757866,0.13641130870953033,0,Mild,0
2019-04-09,537,13.379155266757866,0.13641130870953033,0,Mild,0
2019-04-10,633,13.379155266757866,0.13641130870953033,0,Mild,0
2019-04-11,537,13.379155266757866,0.13641130870953033,0,Mild,0
2019-04-12,688,13.379155266757866,0.13641130870953033,0,Mild,0
2019-04-13,599,13.379155266757866,0.13641130870953033,0,Mild,1
2019-04-14,457,13.379155266757866,0.13641130870953033,0,Mild,1
2019-04-15,657,13.379155266757866,0.13641130870953033,0,Mild,0
2019-04-16,638,13.379155266757866,0.13641130870953033,0,Mild,0
2019-04-17,621,13.379155266757866,0.13641130870953033,0,Mild,0
2019-04-18,540,13.379155266757866,0.13641130870953033,0,Mild,0
2019-04-19,551,13.379155266757866,0.13641130870953033,0,Mild,0
2019-04-20,456,13.379155266757866,0.13641130870953033,0,Mild,1
2019-04-21,398,13.379155266757866,0.13641130870953033,0,Mild,1
2019-04-22,522,13.379155266757866,0.13641130870953033,0,Mild,0
2019-04-23,592,13.379155266757866,0.13641130870953033,0,Mild,0
2019-04-24,515,13.379155266757866,0.13641130870953033,0,Mild,0
2019-04-25,518,13.379155266757866,0.13641130870953033,0,Mild,0
2019-04-26,500,13.379155266757866,0.13641130870953033,0,Mild,0
2019-04-27,526,13.379155266757866,0.13641130870953033,0,Mild,1
2019-04-28,395,13.379155266757866,0.13641130870953033,0,Mild,1
2019-04-29,565,13.379155266757866,0.13641130870953033,0,Mild,0
2019-04-30,587,13.379155266757866,0.13641130870953033,0,Mild,0
2019-05-01,599,13.379155266757866,0.13641130870953033,0,Mild,0
2019-05-02,668,13.379155266757866,0.13641130870953033,0,Mild,0
2019-05-03,651,13.379155266757866,0.13641130870953033,0,Mild,0
2019-05-04,553,13.379155266757866,0.13641130870953033,0,Mild,1
2019-05-05,529,13.379155266757866,0.13641130870953033,0,Mild,1
2019-05-06,630,13.379155266757866,0.13641130870953033,0,Mild,0
2019-05-07,647,13.379155266757866,0.13641130870953033,0,Mild,0
2019-05-08,649,13.379155266757866,0.13641130870953033,0,Mild,0
2019-05-09,593,13.379155266757866,0.13641130870953033,0,Mild,0
2019-05-10,660,13.379155266757866,0.13641130870953033,0,Mild,0
2019-05-11,637,13.379155266757866,0.13641130870953033,0,Mild,1
2019-05-12,589,13.379155266757866,0.13641130870953033,0,Mild,1
2019-05-13,613,13.379155266757866,0.13641130870953033,0,Mild,0
2019-05-14,621,13.379155266757866,0.13641130870953033,0,Mild,0
2019-05-15,691,13.379155266757866,0.13641130870953033,0,Mild,0
2019-05-16,642,13.379155266757866,0.13641130870953033,0,Mild,0
2019-05-17,726,13.379155266757866,0.13641130870953033,0,Mild,0
2019-05-18,649,13.379155266757866,0.13641130870953033,0,Mild,1
2019-05-19,547,13.379155266757866,0.13641130870953033,0,Mild,1
2019-05-20,689,13.379155266757866,0.13641130870953033,0,Mild,0
2019-05-21,745,13.379155266757866,0.13641130870953033,0,Mild,0
2019-05-22,693,13.379155266757866,0.13641130870953033,0,Mild,0
2019-05-23,722,13.379155266757866,0.13641130870953033,0,Mild,0
2019-05-24,728,13.379155266757866,0.13641130870953033,0,Mild,0
2019-05-25,520,13.379155266757866,0.13641130870953033,0,Mild,1
2019-05-26,510,13.379155266757866,0.13641130870953033,0,Mild,1
2019-05-27,442,13.379155266757866,0.13641130870953033,0,Mild,0
2019-05-28,654,13.379155266757866,0.13641130870953033,0,Mild,0
2019-05-29,601,13.379155266757866,0.13641130870953033,0,Mild,0
2019-05-30,625,13.379155266757866,0.13641130870953033,0,Mild,0
2019-05-31,765,13.379155266757866,0.13641130870953033,0,Mild,0
2019-06-01,557,13.379155266757866,0.13641130870953033,0,Mild,1
2019-06-02,515,13.379155266757866,0.13641130870953033,0,Mild,1
2019-06-03,659,13.379155266757866,0.13641130870953033,0,Mild,0
2019-06-04,615,13.379155266757866,0.13641130870953033,0,Mild,0
2019-06-05,655,13.379155266757866,0.13641130870953033,0,Mild,0
2019-06-06,744,13.379155266757866,0.13641130870953033,0,Mild,0
2019-06-07,734,13.379155266757866,0.13641130870953033,0,Mild,0
2019-06-08,580,13.379155266757866,0.13641130870953033,0,Mild,1
2019-06-09,526,13.379155266757866,0.13641130870953033,0,Mild,1
2019-06-10,613,13.379155266757866,0.13641130870953033,0,Mild,0
2019-06-11,682,13.379155266757866,0.13641130870953033,0,Mild,0
2019-06-12,686,13.379155266757866,0.13641130870953033,0,Mild,0
2019-06-13,634,13.379155266757866,0.13641130870953033,0,Mild,0
2019-06-14,749,13.379155266757866,0.13641130870953033,0,Mild,0
2019-06-15,620,13.379155266757866,0.13641130870953033,0,Mild,1
2019-06-16,509,13.379155266757866,0.13641130870953033,0,Mild,1
2019-06-17,552,13.379155266757866,0.13641130870953033,0,Mild,0
2019-06-18,721,13.379155266757866,0.13641130870953033,0,Mild,0
2019-06-19,591,13.379155266757866,0.13641130870953033,0,Mild,0
2019-06-20,697,13.379155266757866,0.13641130870953033,0,Mild,0
2019-06-21,771,13.379155266757866,0.13641130870953033,0,Mild,0
2019-06-22,635,13.379155266757866,0.13641130870953033,0,Mild,1
2019-06-23,559,13.379155266757866,0.13641130870953033,0,Mild,1
2019-06-24,731,13.379155266757866,0.13641130870953033,0,Mild,0
2019-06-25,662,13.379155266757866,0.13641130870953033,0,Mild,0
2019-06-26,803,13.379155266757866,0.13641130870953033,0,Mild,0
2019-06-27,734,13.379155266757866,0.13641130870953033,0,Mild,0
2019-06-28,753,13.379155266757866,0.13641130870953033,0,Mild,0
2019-06-29,660,13.379155266757866,0.13641130870953033,0,Mild,1
2019-06-30,569,13.379155266757866,0.13641130870953033,0,Mild,1
2019-07-01,693,13.379155266757866,0.13641130870953033,0,Mild,0
2019-07-02,591,13.379155266757866,0.13641130870953033,0,Mild,0
2019-07-03,654,13.379155266757866,0.13641130870953033,0,Mild,0
2019-07-04,394,13.379155266757866,0.13641130870953033,0,Mild,0
2019-07-05,542,13.379155266757866,0.13641130870953033,0,Mild,0
2019-07-06,471,13.379155266757866,0.13641130870953033,0,Mild,1
2019-07-07,441,13.379155266757866,0.13641130870953033,0,Mild,1
2019-07-08,592,13.379155266757866,0.13641130870953033,0,Mild,0
2019-07-09,661,13.379155266757866,0.13641130870953033,0,Mild,0
2019-07-10,553,13.379155266757866,0.13641130870953033,0,Mild,0
2019-07-11,658,13.379155266757866,0.13641130870953033,0,Mild,0
2019-07-12,747,13.379155266757866,0.13641130870953033,0,Mild,0
2019-07-13,558,13.379155266757866,0.13641130870953033,0,Mild,1
2019-07-14,497,13.379155266757866,0.13641130870953033,0,Mild,1
2019-07-15,637,13.379155266757866,0.13641130870953033,0,Mild,0
2019-07-16,658,13.379155266757866,0.13641130870953033,0,Mild,0
2019-07-17,630,13.379155266757866,0.13641130870953033,0,Mild,0
2019-07-18,620,13.379155266757866,0.13641130870953033,0,Mild,0
2019-07-19,666,13.379155266757866,0.13641130870953033,0,Mild,0
2019-07-20,586,13.379155266757866,0.13641130870953033,0,Mild,1
2019-07-21,477,13.379155266757866,0.13641130870953033,0,Mild,1
2019-07-22,641,13.379155266757866,0.13641130870953033,0,Mild,0
2019-07-23,553,13.379155266757866,0.13641130870953033,0,Mild,0
2019-07-24,626,13.379155266757866,0.13641130870953033,0,Mild,0
2019-07-25,605,13.379155266757866,0.13641130870953033,0,Mild,0
2019-07-26,650,13.379155266757866,0.13641130870953033,0,Mild,0
2019-07-27,602,13.379155266757866,0.13641130870953033,0,Mild,1
2019-07-28,527,13.379155266757866,0.13641130870953033,0,Mild,1
2019-07-29,649,13.379155266757866,0.13641130870953033,0,Mild,0
2019-07-30,638,13.379155266757866,0.13641130870953033,0,Mild,0
2019-07-31,604,13.379155266757866,0.13641130870953033,0,Mild,0
2019-08-01,618,13.379155266757866,0.13641130870953033,0,Mild,0
2019-08-02,610,13.379155266757866,0.13641130870953033,0,Mild,0
2019-08-03,566,13.379155266757866,0.13641130870953033,0,Mild,1
2019-08-04,499,13.379155266757866,0.13641130870953033,0,Mild,1
2019-08-05,616,13.379155266757866,0.13641130870953033,0,Mild,0
2019-08-06,551,13.379155266757866,0.13641130870953033,0,Mild,0
2019-08-07,608,13.379155266757866,0.13641130870953033,0,Mild,0
2019-08-08,646,13.379155266757866,0.13641130870953033,0,Mild,0
2019-08-09,645,13.379155266757866,0.13641130870953033,0,Mild,0
2019-08-10,572,13.379155266757866,0.13641130870953033,0,Mild,1
2019-08-11,484,13.379155266757866,0.13641130870953033,0,Mild,1
2019-08-12,586,13.379155266757866,0.13641130870953033,0,Mild,0
2019-08-13,469,13.379155266757866,0.13641130870953033,0,Mild,0
2019-08-14,537,13.379155266757866,0.13641130870953033,0,Mild,0
2019-08-15,560,13.379155266757866,0.13641130870953033,0,Mild,0
2019-08-16,523,13.379155266757866,0.13641130870953033,0,Mild,0
2019-08-17,533,13.379155266757866,0.13641130870953033,0,Mild,1
2019-08-18,481,13.379155266757866,0.13641130870953033,0,Mild,1
2019-08-19,563,13.379155266757866,0.13641130870953033,0,Mild,0
2019-08-20,574,13.379155266757866,0.13641130870953033,0,Mild,0
2019-08-21,522,13.379155266757866,0.13641130870953033,0,Mild,0
2019-08-22,587,13.379155266757866,0.13641130870953033,0,Mild,0
2019-08-23,569,13.379155266757866,0.13641130870953033,0,Mild,0
2019-08-24,514,13.379155266757866,0.13641130870953033,0,Mild,1
2019-08-25,482,13.379155266757866,0.13641130870953033,0,Mild,1
2019-08-26,494,13.379155266757866,0.13641130870953033,0,Mild,0
2019-08-27,529,13.379155266757866,0.13641130870953033,0,Mild,0
2019-08-28,553,13.379155266757866,0.13641130870953033,0,Mild,0
2019-08-29,592,13.379155266757866,0.13641130870953033,0,Mild,0
2019-08-30,630,13.379155266757866,0.13641130870953033,0,Mild,0
2019-08-31,502,13.379155266757866,0.13641130870953033,0,Mild,1
2019-09-01,473,13.379155266757866,0.13641130870953033,0,Mild,1
2019-09-02,427,13.379155266757866,0.13641130870953033,0,Mild,0
2019-09-03,652,13.379155266757866,0.13641130870953033,0,Mild,0
2019-09-04,600,13.379155266757866,0.13641130870953033,0,Mild,0
2019-09-05,628,13.379155266757866,0.13641130870953033,0,Mild,0
2019-09-06,591,13.379155266757866,0.13641130870953033,0,Mild,0
2019-09-07,489,13.379155266757866,0.13641130870953033,0,Mild,1
2019-09-08,462,13.379155266757866,0.13641130870953033,0,Mild,1
2019-09-09,603,13.379155266757866,0.13641130870953033,0,Mild,0
2019-09-10,605,13.379155266757866,0.13641130870953033,0,Mild,0
2019-09-11,624,13.379155266757866,0.13641130870953033,0,Mild,0
2019-09-12,689,13.379155266757866,0.13641130870953033,0,Mild,0
2019-09-13,687,13.379155266757866,0.13641130870953033,0,Mild,0
2019-09-14,488,13.379155266757866,0.13641130870953033,0,Mild,1
2019-09-15,604,13.379155266757866,0.13641130870953033,0,Mild,1
2019-09-16,620,13.379155266757866,0.13641130870953033,0,Mild,0
2019-09-17,635,13.379155266757866,0.13641130870953033,0,Mild,0
2019-09-18,605,13.379155266757866,0.13641130870953033,0,Mild,0
2019-09-19,605,13.379155266757866,0.13641130870953033,0,Mild,0
2019-09-20,688,13.379155266757866,0.13641130870953033,0,Mild,0
2019-09-21,577,13.379155266757866,0.13641130870953033,0,Mild,1
2019-09-22,515,13.379155266757866,0.13641130870953033,0,Mild,1
2019-09-23,639,13.379155266757866,0.13641130870953033,0,Mild,0
2019-09-24,628,13.379155266757866,0.13641130870953033,0,Mild,0
2019-09-25,604,13.379155266757866,0.13641130870953033,0,Mild,0
2019-09-26,645,13.379155266757866,0.13641130870953033,0,Mild,0
2019-09-27,703,13.379155266757866,0.13641130870953033,0,Mild,0
2019-09-28,532,13.379155266757866,0.13641130870953033,0,Mild,1
2019-09-29,488,13.379155266757866,0.13641130870953033,0,Mild,1
2019-09-30,435,13.379155266757866,0.13641130870953033,0,Mild,0
2019-10-01,454,13.379155266757866,0.13641130870953033,0,Mild,0
2019-10-02,688,13.379155266757866,0.13641130870953033,0,Mild,0
2019-10-03,690,13.379155266757866,0.13641130870953033,0,Mild,0
2019-10-04,708,13.379155266757866,0.13641130870953033,0,Mild,0
2019-10-05,557,13.379155266757866,0.13641130870953033,0,Mild,1
2019-10-06,435,13.379155266757866,0.13641130870953033,0,Mild,1
2019-10-07,575,13.379155266757866,0.13641130870953033,0,Mild,0
2019-10-08,523,13.379155266757866,0.13641130870953033,0,Mild,0
2019-10-09,383,13.379155266757866,0.13641130870953033,0,Mild,0
2019-10-10,615,13.379155266757866,0.13641130870953033,0,Mild,0
2019-10-11,606,13.379155266757866,0.13641130870953033,0,Mild,0
2019-10-12,502,13.379155266757866,0.13641130870953033,0,Mild,1
2019-10-13,441,13.379155266757866,0.13641130870953033,0,Mild,1
2019-10-14,400,13.379155266757866,0.13641130870953033,0,Mild,0
2019-10-15,549,13.379155266757866,0.13641130870953033,0,Mild,0
2019-10-16,658,13.379155266757866,0.13641130870953033,0,Mild,0
2019-10-17,608,13.379155266757866,0.13641130870953033,0,Mild,0
2019-10-18,634,13.379155266757866,0.13641130870953033,0,Mild,0
2019-10-19,586,13.379155266757866,0.13641130870953033,0,Mild,1
2019-10-20,500,13.379155266757866,0.13641130870953033,0,Mild,1
2019-10-21,559,13.379155266757866,0.13641130870953033,0,Mild,0
2019-10-22,562,13.379155266757866,0.13641130870953033,0,Mild,0
2019-10-23,669,13.379155266757866,0.13641130870953033,0,Mild,0
2019-10-24,613,13.379155266757866,0.13641130870953033,0,Mild,0
2019-10-25,647,13.379155266757866,0.13641130870953033,0,Mild,0
2019-10-26,525,13.379155266757866,0.13641130870953033,0,Mild,1
2019-10-27,467,13.379155266757866,0.13641130870953033,0,Mild,1
2019-10-28,607,13.379155266757866,0.13641130870953033,0,Mild,0
2019-10-29,639,13.379155266757866,0.13641130870953033,0,Mild,0
2019-10-30,595,13.379155266757866,0.13641130870953033,0,Mild,0
2019-10-31,616,13.379155266757866,0.13641130870953033,0,Mild,0
2019-11-01,782,13.379155266757866,0.13641130870953033,0,Mild,0
2019-11-02,506,13.379155266757866,0.13641130870953033,0,Mild,1
2019-11-03,479,13.379155266757866,0.13641130870953033,0,Mild,1
2019-11-04,623,13.379155266757866,0.13641130870953033,0,Mild,0
2019-11-05,440,13.379155266757866,0.13641130870953033,0,Mild,0
2019-11-06,615,13.379155266757866,0.13641130870953033,0,Mild,0
2019-11-07,669,13.379155266757866,0.13641130870953033,0,Mild,0
2019-11-08,676,13.379155266757866,0.13641130870953033,0,Mild,0
2019-11-09,502,13.379155266757866,0.13641130870953033,0,Mild,1
2019-11-10,457,13.379155266757866,0.13641130870953033,0,Mild,1
2019-11-11,481,13.379155266757866,0.13641130870953033,0,Mild,0
2019-11-12,595,13.379155266757866,0.13641130870953033,0,Mild,0
2019-11-13,599,13.379155266757866,0.13641130870953033,0,Mild,0
2019-11-14,545,13.379155266757866,0.13641130870953033,0,Mild,0
2019-11-15,621,13.379155266757866,0.13641130870953033,0,Mild,0
2019-11-16,527,13.379155266757866,0.13641130870953033,0,Mild,1
2019-11-17,444,13.379155266757866,0.13641130870953033,0,Mild,1
2019-11-18,743,13.379155266757866,0.13641130870953033,0,Mild,0
2019-11-19,630,13.379155266757866,0.13641130870953033,0,Mild,0
2019-11-20,526,13.379155266757866,0.13641130870953033,0,Mild,0
2019-11-21,647,13.379155266757866,0.13641130870953033,0,Mild,0
2019-11-22,633,13.379155266757866,0.13641130870953033,0,Mild,0
2019-11-23,528,13.379155266757866,0.13641130870953033,0,Mild,1
2019-11-24,517,13.379155266757866,0.13641130870953033,0,Mild,1
2019-11-25,641,13.379155266757866,0.13641130870953033,0,Mild,0
2019-11-26,702,13.379155266757866,0.13641130870953033,0,Mild,0
2019-11-27,561,13.379155266757866,0.13641130870953033,0,Mild,0
2019-11-28,374,13.379155266757866,0.13641130870953033,0,Mild,0
2019-11-29,425,13.379155266757866,0.13641130870953033,0,Mild,0
2019-11-30,465,13.379155266757866,0.13641130870953033,0,Mild,1
2019-12-01,409,13.379155266757866,0.13641130870953033,0,Mild,1
2019-12-02,580,13.379155266757866,0.13641130870953033,0,Mild,0
2019-12-03,620,13.379155266757866,0.13641130870953033,0,Mild,0
2019-12-04,552,13.379155266757866,0.13641130870953033,0,Mild,0
2019-12-05,597,13.379155266757866,0.13641130870953033,0,Mild,0
2019-12-06,563,13.379155266757866,0.13641130870953033,0,Mild,0
2019-12-07,566,13.379155266757866,0.13641130870953033,0,Mild,1
2019-12-08,455,13.379155266757866,0.13641130870953033,0,Mild,1
2019-12-09,737,13.379155266757866,0.13641130870953033,0,Mild,0
2019-12-10,667,13.379155266757866,0.13641130870953033,0,Mild,0
2019-12-11,578,13.379155266757866,0.13641130870953033,0,Mild,0
2019-12-12,599,13.379155266757866,0.13641130870953033,0,Mild,0
2019-12-13,760,13.379155266757866,0.13641130870953033,0,Mild,0
2019-12-14,577,13.379155266757866,0.13641130870953033,0,Mild,1
2019-12-15,503,13.379155266757866,0.13641130870953033,0,Mild,1
2019-12-16,519,13.379155266757866,0.13641130870953033,0,Mild,0
2019-12-17,700,13.379155266757866,0.13641130870953033,0,Mild,0
2019-12-18,701,13.379155266757866,0.13641130870953033,0,Mild,0
2019-12-19,699,13.379155266757866,0.13641130870953033,0,Mild,0
2019-12-20,698,13.379155266757866,0.13641130870953033,0,Mild,0
2019-12-21,520,13.379155266757866,0.13641130870953033,0,Mild,1
2019-12-22,510,13.379155266757866,0.13641130870953033,0,Mild,1
2019-12-23,593,13.379155266757866,0.13641130870953033,0,Mild,0
2019-12-24,530,13.379155266757866,0.13641130870953033,0,Mild,0
2019-12-25,264,13.379155266757866,0.13641130870953033,0,Mild,0
2019-12-26,414,13.379155266757866,0.13641130870953033,0,Mild,0
2019-12-27,448,13.379155266757866,0.13641130870953033,0,Mild,0
2019-12-28,355,13.379155266757866,0.13641130870953033,0,Mild,1
2019-12-29,384,13.379155266757866,0.13641130870953033,0,Mild,1
2019-12-30,518,13.379155266757866,0.13641130870953033,0,Mild,0
2019-12-31,443,13.379155266757866,0.13641130870953033,0,Mild,0
2020-01-01,346,3.6333333333333333,0.0,0,Cold,0
2020-01-02,413,2.2333333333333334,0.0,0,Cold,0
2020-01-03,456,6.466666666666666,0.14583333333333334,0,Cold,0
2020-01-04,353,7.841666666666666,0.2041666666666667,0,Cold,1
2020-01-05,291,4.5,0.04583333333333334,0,Cold,1
2020-01-06,459,2.5166666666666666,0.024999999999999998,0,Cold,0
2020-01-07,408,3.1,0.004166666666666667,0,Cold,0
2020-01-08,454,1.5875000000000001,0.03333333333333333,0,Cold,0
2020-01-09,521,-1.7416666666666665,0.0,1,Very Cold,0
2020-01-10,522,2.3958333333333335,0.0,0,Cold,0
2020-01-11,439,11.004166666666668,0.0,0,Mild,1
2020-01-12,391,15.779166666666667,0.24166666666666667,0,Mild,1
2020-01-13,476,5.25,0.0,0,Cold,0
2020-01-14,497,4.166666666666667,0.17916666666666667,0,Cold,0
2020-01-15,508,6.808333333333334,0.0,0,Cold,0
2020-01-16,547,6.3999999999999995,0.1416666666666667,0,Cold,0
2020-01-17,566,-0.9458333333333333,0.0,1,Very Cold,0
2020-01-18,774,-4.704166666666667,0.16666666666666666,1,Very Cold,1
2020-01-19,360,2.7458333333333336,0.25,0,Cold,1
2020-01-20,390,-1.9541666666666666,0.0,1,Very Cold,0
2020-01-21,556,-3.1166666666666667,0.0,1,Very Cold,0
2020-01-22,489,-1.4916666666666665,0.0,1,Very Cold,0
2020-01-23,451,0.48333333333333334,0.0,0,Cold,0
2020-01-24,524,3.1791666666666667,0.0,0,Cold,0
2020-01-25,383,5.295833333333333,1.0875000000000001,0,Cold,1
2020-01-26,398,5.0625,0.0,0,Cold,1
2020-01-27,452,4.333333333333333,0.0,0,Cold,0
2020-01-28,404,4.154166666666667,0.0,0,Cold,0
2020-01-29,495,2.5083333333333333,0.0,0,Cold,0
2020-01-30,525,-1.125,0.0,1,Very Cold,0
2020-01-31,518,1.1333333333333333,0.0,0,Cold,0
2020-02-01,409,3.091666666666667,0.029166666666666664,0,Cold,1
2020-02-02,391,3.1750000000000003,0.05416666666666667,0,Cold,1
2020-02-03,559,5.0249999999999995,0.008333333333333333,0,Cold,0
2020-02-04,464,6.345833333333334,0.0375,0,Cold,0
2020-02-05,432,6.333333333333333,0.09999999999999999,0,Cold,0
2020-02-06,544,3.8041666666666667,0.45416666666666666,0,Cold,0
2020-02-07,604,5.245833333333333,0.7833333333333333,0,Cold,0
2020-02-08,466,1.6666666666666667,0.0,0,Cold,1
2020-02-09,373,1.375,0.004166666666666667,0,Cold,1
2020-02-10,572,5.541666666666667,0.3416666666666666,0,Cold,0
2020-02-11,458,6.541666666666667,0.48333333333333334,0,Cold,0
2020-02-12,438,5.529166666666666,0.0,0,Cold,0
2020-02-13,504,4.116666666666666,0.6416666666666667,0,Cold,0
2020-02-14,632,1.1458333333333333,0.0,0,Cold,0
2020-02-15,440,-5.954166666666667,0.0,1,Very Cold,1
2020-02-16,387,0.7083333333333334,0.0,0,Cold,1
2020-02-17,339,4.55,0.0,0,Cold,0
2020-02-18,428,4.495833333333333,0.029166666666666664,0,Cold,0
2020-02-19,477,6.254166666666666,0.008333333333333333,0,Cold,0
2020-02-20,448,0.6458333333333334,0.0,0,Cold,0
2020-02-21,504,-2.2125,0.0,1,Very Cold,0
2020-02-22,407,1.7874999999999999,0.0,0,Cold,1
2020-02-23,392,4.5249999999999995,0.0,0,Cold,1
2020-02-24,493,5.908333333333334,0.0,0,Cold,0
2020-02-25,527,7.9375,0.23750000000000002,0,Cold,0
2020-02-26,449,7.5625,0.0,0,Cold,0
2020-02-27,581,5.7250000000000005,0.5583333333333333,0,Cold,0
2020-02-28,530,1.3,0.0,0,Cold,0
2020-02-29,456,0.2916666666666667,0.0,0,Cold,1
2020-03-01,423,0.041666666666666664,0.0,0,Cold,1
2020-03-02,562,5.508333333333333,0.0,0,Cold,0
2020-03-03,550,10.395833333333334,0.2791666666666667,0,Mild,0
2020-03-04,540,9.691666666666666,0.09583333333333334,0,Cold,0
2020-03-05,529,7.270833333333333,0.012499999999999999,0,Cold,0
2020-03-06,673,4.75,0.1625,0,Cold,0
2020-03-07,515,4.195833333333334,0.0375,0,Cold,1
2020-03-08,408,5.416666666666667,0.0,0,Cold,1
2020-03-09,546,11.0,0.0,0,Mild,0
2020-03-10,450,13.125,0.041666666666666664,0,Mild,0
2020-03-11,473,10.4125,0.029166666666666664,0,Mild,0
2020-03-12,456,6.825,0.0,0,Cold,0
2020-03-13,551,11.795833333333334,0.46249999999999997,0,Mild,0
2020-03-14,371,9.804166666666667,0.0,0,Cold,1
2020-03-15,331,8.158333333333333,0.008333333333333333,0,Cold,1
2020-03-16,378,3.966666666666667,0.0,0,Cold,0
2020-03-17,374,6.866666666666667,0.1708333333333333,0,Cold,0
2020-03-18,298,7.8125,0.0,0,Cold,0
2020-03-19,339,7.404166666666666,0.65,0,Cold,0
2020-03-20,306,12.229166666666666,0.125,0,Mild,0
2020-03-21,238,11.483333333333334,0.0,0,Mild,1
2020-03-22,139,3.8375,0.0,0,Cold,1
2020-03-23,225,3.8333333333333335,0.6749999999999999,0,Cold,0
2020-03-24,201,6.120833333333334,0.04583333333333334,0,Cold,0
2020-03-25,168,6.3875,0.016666666666666666,0,Cold,0
2020-03-26,187,6.995833333333334,0.0,0,Cold,0
2020-03-27,195,12.504166666666668,0.0,0,Mild,0
2020-03-28,183,9.266666666666667,0.22083333333333333,0,Cold,1
2020-03-29,146,8.558333333333334,0.13749999999999998,0,Cold,1
2020-03-30,164,8.170833333333333,0.07916666666666668,0,Cold,0
2020-03-31,158,6.570833333333333,0.09166666666666667,0,Cold,0
2020-04-01,155,7.175,0.0,0,Cold,0
2020-04-02,166,9.112499999999999,0.0,0,Cold,0
2020-04-03,191,9.741666666666667,0.22083333333333333,0,Cold,0
2020-04-04,156,10.445833333333333,0.004166666666666667,0,Mild,1
2020-04-05,94,10.637500000000001,0.0,0,Mild,1
2020-04-06,127,12.370833333333332,0.0,0,Mild,0
2020-04-07,129,13.075000000000001,0.0,0,Mild,0
2020-04-08,125,13.041666666666666,0.2625,0,Mild,0
2020-04-09,103,10.779166666666667,0.5125000000000001,0,Mild,0
2020-04-10,115,7.408333333333334,0.049999999999999996,0,Cold,0
2020-04-11,121,7.920833333333333,0.0,0,Cold,1
2020-04-12,106,10.183333333333334,0.0,0,Mild,1
2020-04-13,138,15.133333333333333,1.8916666666666666,0,Mild,0
2020-04-14,135,12.125,0.0,0,Mild,0
2020-04-15,139,8.816666666666666,0.075,0,Cold,0
2020-04-16,138,7.6875,0.004166666666666667,0,Cold,0
2020-04-17,158,5.879166666666666,0.029166666666666664,0,Cold,0
2020-04-18,125,6.483333333333333,0.5125000000000001,0,Cold,1
2020-04-19,102,8.704166666666667,0.0,0,Cold,1
2020-04-20,140,11.254166666666668,0.0,0,Mild,0
2020-04-21,121,9.975,0.40416666666666673,0,Cold,0
2020-04-22,148,6.6375,0.0,0,Cold,0
2020-04-23,108,6.7749999999999995,0.0,0,Cold,0
2020-04-24,172,7.891666666666667,0.6875,0,Cold,0
2020-04-25,152,10.075000000000001,0.0,0,Mild,1
2020-04-26,140,9.545833333333333,0.22916666666666666,0,Cold,1
2020-04-27,131,7.2250000000000005,0.08333333333333333,0,Cold,0
2020-04-28,185,9.920833333333333,0.0,0,Cold,0
2020-04-29,137,10.733333333333334,0.004166666666666667,0,Mild,0
2020-04-30,173,12.629166666666668,0.30833333333333335,0,Mild,0
2020-05-01,186,14.708333333333334,1.5125,0,Mild,0
2020-05-02,189,15.670833333333334,0.008333333333333333,0,Mild,1
2020-05-03,167,17.766666666666666,0.17916666666666667,0,Mild,1
2020-05-04,174,17.745833333333334,0.016666666666666666,0,Mild,0
2020-05-05,174,11.904166666666667,0.0,0,Mild,0
2020-05-06,184,10.9375,0.15,0,Mild,0
2020-05-07,175,11.441666666666668,0.0,0,Mild,0
2020-05-08,177,11.1625,0.15833333333333333,0,Mild,0
2020-05-09,148,5.691666666666666,0.37083333333333335,0,Cold,1
2020-05-10,163,9.420833333333333,0.0,0,Cold,1
2020-05-11,173,11.804166666666667,0.041666666666666664,0,Mild,0
2020-05-12,191,10.483333333333333,0.0,0,Mild,0
2020-05-13,212,10.9,0.0,0,Mild,0
2020-05-14,171,13.258333333333333,0.0,0,Mild,0
2020-05-15,242,19.287499999999998,0.18333333333333335,0,Mild,0
2020-05-16,217,20.458333333333332,0.10416666666666667,0,Warm,1
2020-05-17,171,15.554166666666667,0.0,0,Mild,1
2020-05-18,185,15.220833333333333,0.008333333333333333,0,Mild,0
2020-05-19,229,15.679166666666667,0.0,0,Mild,0
2020-05-20,192,13.670833333333334,0.0,0,Mild,0
2020-05-21,212,13.133333333333333,0.0,0,Mild,0
2020-05-22,264,17.150000000000002,0.020833333333333332,0,Mild,0
2020-05-23,193,17.662499999999998,0.7708333333333334,0,Mild,1
2020-05-24,197,14.700000000000001,0.0,0,Mild,1
2020-05-25,214,15.833333333333334,0.0,0,Mild,0
2020-05-26,224,18.054166666666667,0.0,0,Mild,0
2020-05-27,239,18.808333333333334,0.0,0,Mild,0
2020-05-28,209,20.291666666666668,0.08750000000000001,0,Warm,0
2020-05-29,258,22.333333333333332,0.15416666666666667,0,Warm,0
2020-05-30,226,22.53333333333333,0.0,0,Warm,1
2020-05-31,208,18.8875,0.0,0,Mild,1
2020-06-01,196,15.729166666666666,0.0,0,Mild,0
2020-06-02,197,18.283333333333335,0.004166666666666667,0,Mild,0
2020-06-03,216,20.900000000000002,0.13333333333333333,0,Warm,0
2020-06-04,245,22.912499999999998,0.075,0,Warm,0
2020-06-05,248,22.8625,0.7541666666666668,0,Warm,0
2020-06-06,262,24.141666666666666,0.45416666666666666,0,Warm,1
2020-06-07,206,21.608333333333334,0.0,0,Warm,1
2020-06-08,235,20.308333333333334,0.0,0,Warm,0
2020-06-09,251,23.1875,0.0,0,Warm,0
2020-06-10,238,24.77916666666667,0.0,0,Warm,0
2020-06-11,251,23.945833333333336,0.6041666666666666,0,Warm,0
2020-06-12,277,24.141666666666666,0.0,0,Warm,0
2020-06-13,282,20.5375,0.0,0,Warm,1
2020-06-14,228,17.470833333333335,0.0,0,Mild,1
2020-06-15,223,18.837500000000002,0.0,0,Mild,0
2020-06-16,259,19.275000000000002,0.0,0,Mild,0
2020-06-17,244,19.683333333333334,0.0,0,Mild,0
2020-06-18,226,20.604166666666668,0.0375,0,Warm,0
2020-06-19,306,22.145833333333332,0.008333333333333333,0,Warm,0
2020-06-20,246,23.770833333333332,0.1125,0,Warm,1
2020-06-21,245,24.03333333333333,0.012499999999999999,0,Warm,1
2020-06-22,295,25.7,0.04583333333333334,0,Warm,0
2020-06-23,291,25.833333333333332,0.024999999999999998,0,Warm,0
2020-06-24,300,26.179166666666664,0.0375,0,Warm,0
2020-06-25,250,24.974999999999998,0.016666666666666666,0,Warm,0
2020-06-26,337,24.77916666666667,0.0,0,Warm,0
2020-06-27,273,24.604166666666668,0.27499999999999997,0,Warm,1
2020-06-28,240,25.483333333333334,0.19583333333333333,0,Warm,1
2020-06-29,301,24.920833333333334,0.06666666666666667,0,Warm,0
2020-06-30,278,22.72083333333333,0.5541666666666667,0,Warm,0
2020-07-01,259,22.525000000000002,0.3875,0,Warm,0
2020-07-02,340,24.941666666666666,0.049999999999999996,0,Warm,0
2020-07-03,302,27.570833333333336,0.0625,0,Warm,0
2020-07-04,278,24.295833333333334,0.3416666666666666,0,Warm,1
2020-07-05,290,26.008333333333336,0.0,0,Warm,1
2020-07-06,257,27.141666666666666,0.12083333333333333,0,Warm,0
2020-07-07,243,23.741666666666664,0.22083333333333335,0,Warm,0
2020-07-08,267,25.47083333333333,0.12916666666666668,0,Warm,0
2020-07-09,313,26.175,0.0,0,Warm,0
2020-07-10,296,24.666666666666668,1.175,0,Warm,0
2020-07-11,274,25.579166666666666,0.5833333333333334,0,Warm,1
2020-07-12,292,26.541666666666668,0.008333333333333333,0,Warm,1
2020-07-13,290,26.433333333333334,0.13333333333333333,0,Warm,0
2020-07-14,320,25.6375,0.0,0,Warm,0
2020-07-15,268,24.2375,0.06666666666666667,0,Warm,0
2020-07-16,322,22.75,0.0,0,Warm,0
2020-07-17,308,22.925,0.10416666666666667,0,Warm,0
2020-07-18,316,27.150000000000002,0.0,0,Warm,1
2020-07-19,313,27.945833333333336,0.0,0,Warm,1
2020-07-20,281,29.004166666666666,0.0,0,Warm,0
2020-07-21,331,28.679166666666664,0.0,0,Warm,0
2020-07-22,290,27.6375,0.14583333333333334,0,Warm,0
2020-07-23,332,26.066666666666666,0.0625,0,Warm,0
2020-07-24,312,25.349999999999998,0.8166666666666668,0,Warm,0
2020-07-25,291,26.045833333333334,0.0,0,Warm,1
2020-07-26,313,28.370833333333334,0.0,0,Warm,1
2020-07-27,320,28.875,0.0,0,Warm,0
2020-07-28,298,29.704166666666666,0.09166666666666667,0,Warm,0
2020-07-29,318,28.308333333333334,0.0,0,Warm,0
2020-07-30,300,28.104166666666668,0.0,0,Warm,0
2020-07-31,343,25.054166666666664,0.3541666666666667,0,Warm,0
2020-08-01,375,26.175,0.0,0,Warm,1
2020-08-02,286,27.02916666666667,0.21666666666666667,0,Warm,1
2020-08-03,353,28.025000000000002,0.0,0,Warm,0
2020-08-04,451,24.895833333333332,0.6916666666666668,0,Warm,0
2020-08-05,345,25.77916666666667,0.0,0,Warm,0
2020-08-06,356,24.504166666666666,0.0,0,Warm,0
2020-08-07,337,23.579166666666666,0.12916666666666668,0,Warm,0
2020-08-08,260,23.791666666666668,0.5041666666666667,0,Warm,1
2020-08-09,283,25.3125,0.008333333333333333,0,Warm,1
2020-08-10,320,27.183333333333334,0.07083333333333333,0,Warm,0
2020-08-11,317,27.116666666666664,0.04583333333333334,0,Warm,0
2020-08-12,293,27.079166666666666,0.39999999999999997,0,Warm,0
2020-08-13,275,25.733333333333334,0.3625,0,Warm,0
2020-08-14,344,25.425,0.04583333333333333,0,Warm,0
2020-08-15,313,24.329166666666666,0.004166666666666667,0,Warm,1
2020-08-16,279,21.058333333333334,0.5875,0,Warm,1
2020-08-17,288,21.52916666666667,0.024999999999999998,0,Warm,0
2020-08-18,311,22.766666666666666,0.17916666666666667,0,Warm,0
2020-08-19,286,22.03333333333333,0.10416666666666667,0,Warm,0
2020-08-20,306,21.770833333333332,0.0,0,Warm,0
2020-08-21,348,23.075,0.0,0,Warm,0
2020-08-22,328,25.420833333333334,0.05416666666666667,0,Warm,1
2020-08-23,316,25.191666666666666,0.0,0,Warm,1
2020-08-24,320,26.2,0.004166666666666667,0,Warm,0
2020-08-25,286,26.8,0.041666666666666664,0,Warm,0
2020-08-26,310,23.34583333333333,0.0,0,Warm,0
2020-08-27,343,24.991666666666664,0.0,0,Warm,0
2020-08-28,306,24.770833333333332,0.07083333333333335,0,Warm,0
2020-08-29,291,23.608333333333334,0.6,0,Warm,1
2020-08-30,303,23.59166666666667,0.0,0,Warm,1
2020-08-31,294,20.462500000000002,0.0,0,Warm,0
2020-09-01,337,22.25,0.008333333333333333,0,Warm,0
2020-09-02,309,23.233333333333334,0.3041666666666667,0,Warm,0
2020-09-03,363,25.3875,0.04583333333333334,0,Warm,0
2020-09-04,383,24.879166666666666,0.08750000000000001,0,Warm,0
2020-09-05,362,22.445833333333336,0.0,0,Warm,1
2020-09-06,293,22.120833333333334,0.0,0,Warm,1
2020-09-07,295,22.275000000000002,0.0,0,Warm,0
2020-09-08,337,22.508333333333336,0.0,0,Warm,0
2020-09-09,292,22.8,0.0,0,Warm,0
2020-09-10,347,24.525000000000002,0.9125,0,Warm,0
2020-09-11,351,23.412499999999998,0.17499999999999996,0,Warm,0
2020-09-12,304,19.016666666666666,0.004166666666666667,0,Mild,1
2020-09-13,245,19.795833333333334,0.0,0,Mild,1
2020-09-14,289,22.125,0.0,0,Warm,0
2020-09-15,301,15.625,0.0,0,Mild,0
2020-09-16,307,16.245833333333334,0.0,0,Mild,0
2020-09-17,322,19.045833333333334,0.0,0,Mild,0
2020-09-18,341,19.0625,0.0,0,Mild,0
2020-09-19,330,14.095833333333333,0.0,0,Mild,1
2020-09-20,275,12.954166666666666,0.0,0,Mild,1
2020-09-21,310,13.120833333333332,0.0,0,Mild,0
2020-09-22,307,14.516666666666666,0.0,0,Mild,0
2020-09-23,356,18.6875,0.0,0,Mild,0
2020-09-24,297,18.775000000000002,0.0,0,Mild,0
2020-09-25,348,18.345833333333335,0.0,0,Mild,0
2020-09-26,330,19.275000000000002,0.0,0,Mild,1
2020-09-27,315,20.583333333333332,0.0,0,Warm,1
2020-09-28,300,22.179166666666664,0.06666666666666667,0,Warm,0
2020-09-29,317,20.9875,0.14583333333333334,0,Warm,0
2020-09-30,347,19.570833333333333,0.9291666666666667,0,Mild,0
2020-10-01,332,17.916666666666668,0.0,0,Mild,0
2020-10-02,350,16.020833333333332,0.09999999999999999,0,Mild,0
2020-10-03,323,14.508333333333333,0.0,0,Mild,1
2020-10-04,269,14.229166666666666,0.0,0,Mild,1
2020-10-05,302,15.645833333333334,0.0,0,Mild,0
2020-10-06,325,15.883333333333333,0.0,0,Mild,0
2020-10-07,308,17.970833333333335,0.0,0,Mild,0
2020-10-08,332,16.141666666666666,0.0,0,Mild,0
2020-10-09,330,14.220833333333333,0.0,0,Mild,0
2020-10-10,277,17.3125,0.0,0,Mild,1
2020-10-11,248,17.833333333333332,0.0,0,Mild,1
2020-10-12,323,12.875,0.5375,0,Mild,0
2020-10-13,323,13.979166666666666,0.04583333333333334,0,Mild,0
2020-10-14,333,14.737499999999999,0.0,0,Mild,0
2020-10-15,311,16.154166666666665,0.0,0,Mild,0
2020-10-16,304,15.625,1.0625,0,Mild,0
2020-10-17,335,11.291666666666666,0.4916666666666667,0,Mild,1
2020-10-18,305,11.308333333333332,0.0,0,Mild,1
2020-10-19,276,14.179166666666667,0.0,0,Mild,0
2020-10-20,336,16.5,0.0,0,Mild,0
2020-10-21,338,17.329166666666666,0.0,0,Mild,0
2020-10-22,264,17.875,0.004166666666666667,0,Mild,0
2020-10-23,337,17.758333333333333,0.008333333333333333,0,Mild,0
2020-10-24,301,17.570833333333333,0.0,0,Mild,1
2020-10-25,281,10.125,0.0,0,Mild,1
2020-10-26,314,12.316666666666668,0.0,0,Mild,0
2020-10-27,262,14.025,0.0,0,Mild,0
2020-10-28,309,12.779166666666667,0.09999999999999999,0,Mild,0
2020-10-29,334,11.870833333333332,1.2208333333333334,0,Mild,0
2020-10-30,394,6.508333333333333,0.7791666666666667,0,Cold,0
2020-10-31,334,4.575,0.0,0,Cold,1
2020-11-01,308,8.733333333333333,0.48750000000000004,0,Cold,1
2020-11-02,327,6.766666666666667,0.041666666666666664,0,Cold,0
2020-11-03,285,7.7875000000000005,0.0,0,Cold,0
2020-11-04,302,9.637500000000001,0.0,0,Cold,0
2020-11-05,357,12.595833333333333,0.0,0,Mild,0
2020-11-06,365,13.479166666666666,0.0,0,Mild,0
2020-11-07,329,13.779166666666667,0.0,0,Mild,1
2020-11-08,326,14.916666666666666,0.0,0,Mild,1
2020-11-09,318,13.116666666666667,0.0,0,Mild,0
2020-11-10,343,14.770833333333334,0.0,0,Mild,0
2020-11-11,300,17.3,0.25416666666666665,0,Mild,0
2020-11-12,327,15.029166666666667,1.125,0,Mild,0
2020-11-13,391,9.079166666666667,0.024999999999999998,0,Cold,0
2020-11-14,298,7.841666666666666,0.0,0,Cold,1
2020-11-15,251,8.512500000000001,0.03333333333333333,0,Cold,1
2020-11-16,305,11.533333333333333,0.29583333333333334,0,Mild,0
2020-11-17,261,6.5,0.020833333333333332,0,Cold,0
2020-11-18,295,2.625,0.0,0,Cold,0
2020-11-19,279,2.0541666666666667,0.0,0,Cold,0
2020-11-20,358,9.541666666666666,0.0,0,Cold,0
2020-11-21,314,11.362499999999999,0.0,0,Mild,1
2020-11-22,222,8.666666666666666,0.0,0,Cold,1
2020-11-23,298,11.245833333333332,0.9,0,Mild,0
2020-11-24,324,6.470833333333334,0.0,0,Cold,0
2020-11-25,276,7.5625,0.0,0,Cold,0
2020-11-26,203,12.941666666666668,0.47500000000000003,0,Mild,0
2020-11-27,279,10.924999999999999,0.0,0,Mild,0
2020-11-28,239,9.920833333333333,0.0,0,Cold,1
2020-11-29,248,6.870833333333334,0.0,0,Cold,1
2020-11-30,301,10.950000000000001,1.2750000000000001,0,Mild,0
2020-12-01,269,11.929166666666667,0.0625,0,Mild,0
2020-12-02,235,4.7749999999999995,0.0,0,Cold,0
2020-12-03,252,4.7250000000000005,0.0,0,Cold,0
2020-12-04,372,8.029166666666667,0.12083333333333333,0,Cold,0
2020-12-05,278,6.783333333333334,1.1041666666666667,0,Cold,1
2020-12-06,241,4.029166666666667,0.0,0,Cold,1
2020-12-07,281,1.3375000000000001,0.0,0,Cold,0
2020-12-08,282,0.9,0.0,0,Cold,0
2020-12-09,280,0.7999999999999999,0.004166666666666667,0,Cold,0
2020-12-10,311,4.866666666666666,0.0,0,Cold,0
2020-12-11,348,4.4875,0.0,0,Cold,0
2020-12-12,285,7.0125,0.09999999999999999,0,Cold,1
2020-12-13,265,9.954166666666667,0.029166666666666664,0,Cold,1
2020-12-14,250,4.375,0.3333333333333333,0,Cold,0
2020-12-15,315,1.8041666666666665,0.0,0,Cold,0
2020-12-16,341,-1.7625,0.12916666666666668,1,Very Cold,0
2020-12-17,233,-1.9124999999999999,1.175,1,Very Cold,0
2020-12-18,278,-2.779166666666667,0.0,1,Very Cold,0
2020-12-19,251,-5.258333333333334,0.0,1,Very Cold,1
2020-12-20,194,-1.3125,0.041666666666666664,1,Very Cold,1
2020-12-21,268,1.4416666666666667,0.0,0,Cold,0
2020-12-22,320,3.6625,0.016666666666666666,0,Cold,0
2020-12-23,360,4.066666666666666,0.0,0,Cold,0
2020-12-24,315,7.941666666666666,0.09583333333333333,0,Cold,0
2020-12-25,168,12.058333333333332,1.5666666666666667,0,Mild,0
2020-12-26,226,-0.9833333333333334,0.0,1,Very Cold,1
2020-12-27,184,-1.0166666666666666,0.0,1,Very Cold,1
2020-12-28,217,3.5083333333333333,0.0,0,Cold,0
2020-12-29,244,3.7083333333333335,0.0,0,Cold,0
2020-12-30,238,0.15416666666666665,0.0,0,Cold,0
2020-12-31,278,6.05,0.2833333333333333,0,Cold,0
2021-01-01,257,0.7291666666666666,0.041666666666666664,0,Cold,0
2021-01-02,220,5.4624999999999995,0.3958333333333333,0,Cold,1
2021-01-03,186,2.25,0.2041666666666667,0,Cold,1
2021-01-04,242,2.75,0.15833333333333333,0,Cold,0
2021-01-05,228,3.125,0.0,0,Cold,0
2021-01-06,220,2.9916666666666667,0.0,0,Cold,0
2021-01-07,285,2.120833333333333,0.0,0,Cold,0
2021-01-08,272,0.1125,0.0,0,Cold,0
2021-01-09,244,-0.34583333333333327,0.0,1,Very Cold,1
2021-01-10,177,1.5458333333333334,0.0,0,Cold,1
2021-01-11,238,-0.7250000000000001,0.0,1,Very Cold,0
2021-01-12,279,0.7875000000000001,0.0,0,Cold,0
2021-01-13,245,1.9333333333333333,0.0,0,Cold,0
2021-01-14,253,3.3208333333333333,0.0,0,Cold,0
2021-01-15,272,3.6958333333333333,0.0,0,Cold,0
2021-01-16,265,6.7875000000000005,1.0333333333333334,0,Cold,1
2021-01-17,210,3.8708333333333336,0.0,0,Cold,1
2021-01-18,225,4.625,0.004166666666666667,0,Cold,0
2021-01-19,261,2.625,0.0,0,Cold,0
2021-01-20,253,1.7,0.0375,0,Cold,0
2021-01-21,251,-0.7666666666666666,0.0,1,Very Cold,0
2021-01-22,254,3.0583333333333336,0.0,0,Cold,0
2021-01-23,251,0.27916666666666673,0.0,0,Cold,1
2021-01-24,212,-2.7916666666666665,0.0,1,Very Cold,1
2021-01-25,260,-1.6458333333333333,0.0,1,Very Cold,0
2021-01-26,263,-0.02916666666666666,0.21666666666666667,1,Very Cold,0
2021-01-27,262,1.3458333333333332,0.10833333333333334,0,Cold,0
2021-01-28,262,-0.8708333333333332,0.0,1,Very Cold,0
2021-01-29,291,-6.245833333333334,0.0,1,Very Cold,0
2021-01-30,284,-5.783333333333334,0.0,1,Very Cold,1
2021-01-31,297,-5.395833333333333,0.004166666666666667,1,Very Cold,1
2021-02-01,239,-2.8208333333333333,1.4708333333333332,1,Very Cold,0
2021-02-02,238,0.7833333333333333,0.4583333333333333,0,Cold,0
2021-02-03,246,0.32499999999999996,0.008333333333333333,0,Cold,0
2021-02-04,277,1.0,0.0,0,Cold,0
2021-02-05,326,1.7416666666666665,0.09166666666666667,0,Cold,0
2021-02-06,275,1.8541666666666667,0.0,0,Cold,1
2021-02-07,243,-0.04166666666666666,0.33749999999999997,1,Very Cold,1
2021-02-08,301,-4.545833333333333,0.0,1,Very Cold,0
2021-02-09,229,-3.725,0.11666666666666668,1,Very Cold,0
2021-02-10,279,-2.8333333333333335,0.0,1,Very Cold,0
2021-02-11,299,-2.029166666666667,0.15833333333333333,1,Very Cold,0
2021-02-12,290,-4.583333333333333,0.0,1,Very Cold,0
2021-02-13,210,-3.5375,0.05416666666666667,1,Very Cold,1
2021-02-14,184,-1.3125,0.020833333333333332,1,Very Cold,1
2021-02-15,208,0.6166666666666667,0.0,0,Cold,0
2021-02-16,213,4.0125,0.7583333333333333,0,Cold,0
2021-02-17,239,-0.9375,0.0,1,Very Cold,0
2021-02-18,256,-3.0749999999999997,0.3666666666666667,1,Very Cold,0
2021-02-19,202,-1.7125000000000001,0.32916666666666666,1,Very Cold,0
2021-02-20,257,-0.8333333333333334,0.020833333333333332,1,Very Cold,1
2021-02-21,208,-2.125,0.0,1,Very Cold,1
2021-02-22,245,-0.7833333333333333,0.525,1,Very Cold,0
2021-02-23,240,2.2291666666666665,0.016666666666666666,0,Cold,0
2021-02-24,267,5.370833333333334,0.0,0,Cold,0
2021-02-25,269,6.241666666666667,0.0,0,Cold,0
2021-02-26,301,2.5625,0.0,0,Cold,0
2021-02-27,223,5.170833333333333,0.30416666666666664,0,Cold,1
2021-02-28,212,4.404166666666667,0.22916666666666666,0,Cold,1
2021-03-01,224,5.566666666666666,0.2833333333333333,0,Cold,0
2021-03-02,268,-0.8624999999999999,0.0,1,Very Cold,0
2021-03-03,244,2.3583333333333334,0.0,0,Cold,0
2021-03-04,262,4.479166666666667,0.0,0,Cold,0
2021-03-05,306,-0.9041666666666667,0.0,1,Very Cold,0
2021-03-06,251,0.008333333333333333,0.0,0,Cold,1
2021-03-07,216,0.04583333333333336,0.0,0,Cold,1
2021-03-08,250,-0.1416666666666667,0.0,1,Very Cold,0
2021-03-09,299,7.125,0.004166666666666667,0,Cold,0
2021-03-10,224,6.208333333333333,0.0,0,Cold,0
2021-03-11,287,8.604166666666666,0.0,0,Cold,0
2021-03-12,338,13.4,0.10416666666666667,0,Mild,0
2021-03-13,252,6.983333333333333,0.0,0,Cold,1
2021-03-14,244,6.283333333333334,0.0,0,Cold,1
2021-03-15,253,-0.041666666666666664,0.0,1,Very Cold,0
2021-03-16,237,-0.2625,0.0,1,Very Cold,0
2021-03-17,243,2.891666666666667,0.041666666666666664,0,Cold,0
2021-03-18,244,6.3125,0.7875,0,Cold,0
2021-03-19,309,3.8333333333333335,0.2041666666666667,0,Cold,0
2021-03-20,283,4.291666666666667,0.0,0,Cold,1
2021-03-21,261,7.454166666666667,0.0,0,Cold,1
2021-03-22,295,7.008333333333333,0.0,0,Cold,0
2021-03-23,283,8.404166666666667,0.0,0,Cold,0
2021-03-24,268,9.729166666666666,0.575,0,Cold,0
2021-03-25,257,12.079166666666666,0.6833333333333332,0,Mild,0
2021-03-26,336,16.116666666666667,0.03333333333333333,0,Mild,0
2021-03-27,325,13.545833333333334,0.0,0,Mild,1
2021-03-28,198,12.2125,0.5499999999999999,0,Mild,1
2021-03-29,240,10.270833333333334,0.19999999999999998,0,Mild,0
2021-03-30,281,9.195833333333333,0.0,0,Cold,0
2021-03-31,284,12.570833333333333,0.07916666666666666,0,Mild,0
2021-04-01,263,9.4375,0.5125000000000001,0,Cold,0
2021-04-02,283,2.283333333333333,0.0,0,Cold,0
2021-04-03,281,4.204166666666667,0.0,0,Cold,1
2021-04-04,259,9.545833333333333,0.0,0,Cold,1
2021-04-05,268,13.241666666666667,0.0,0,Mild,0
2021-04-06,318,13.420833333333334,0.0,0,Mild,0
2021-04-07,303,12.9375,0.016666666666666666,0,Mild,0
2021-04-08,310,12.758333333333333,0.0,0,Mild,0
2021-04-09,281,10.970833333333333,0.0,0,Mild,0
2021-04-10,294,12.424999999999999,0.008333333333333333,0,Mild,1
2021-04-11,215,12.4375,0.7000000000000001,0,Mild,1
2021-04-12,264,9.066666666666666,0.5125000000000001,0,Cold,0
2021-04-13,321,10.633333333333333,0.22083333333333333,0,Mild,0
2021-04-14,295,13.125,0.0,0,Mild,0
2021-04-15,270,12.608333333333334,0.30833333333333335,0,Mild,0
2021-04-16,298,8.195833333333335,0.1125,0,Cold,0
2021-04-17,264,8.883333333333335,0.004166666666666667,0,Cold,1
2021-04-18,258,12.075000000000001,0.004166666666666667,0,Mild,1
2021-04-19,320,13.191666666666668,0.008333333333333333,0,Mild,0
2021-04-20,313,14.674999999999999,0.0,0,Mild,0
2021-04-21,283,14.129166666666668,0.2125,0,Mild,0
2021-04-22,252,5.941666666666666,0.0,0,Cold,0
2021-04-23,357,9.416666666666666,0.0,0,Cold,0
2021-04-24,301,13.970833333333333,0.0,0,Mild,1
2021-04-25,273,12.975,0.6541666666666667,0,Mild,1
2021-04-26,300,11.183333333333332,0.0,0,Mild,0
2021-04-27,273,11.983333333333334,0.0,0,Mild,0
2021-04-28,380,16.295833333333334,0.0,0,Mild,0
2021-04-29,324,18.804166666666667,0.075,0,Mild,0
2021-04-30,331,17.991666666666667,0.14583333333333334,0,Mild,0
2021-05-01,318,11.583333333333334,0.016666666666666666,0,Mild,1
2021-05-02,330,17.704166666666666,0.0,0,Mild,1
2021-05-03,316,16.833333333333332,0.15833333333333333,0,Mild,0
2021-05-04,345,14.566666666666668,0.5541666666666667,0,Mild,0
2021-05-05,339,13.220833333333333,0.5458333333333333,0,Mild,0
2021-05-06,339,13.758333333333333,0.0,0,Mild,0
2021-05-07,319,13.591666666666667,0.0,0,Mild,0
2021-05-08,305,11.270833333333334,0.08750000000000001,0,Mild,1
2021-05-09,266,10.841666666666667,0.10416666666666667,0,Mild,1
2021-05-10,279,11.275,0.3333333333333333,0,Mild,0
2021-05-11,326,13.595833333333333,0.0,0,Mild,0
2021-05-12,329,13.674999999999999,0.0,0,Mild,0
2021-05-13,318,15.049999999999999,0.0,0,Mild,0
2021-05-14,411,16.670833333333334,0.0,0,Mild,0
2021-05-15,321,17.829166666666666,0.0,0,Mild,1
2021-05-16,337,17.958333333333332,0.016666666666666666,0,Mild,1
2021-05-17,320,17.845833333333335,0.0,0,Mild,0
2021-05-18,374,19.866666666666667,0.0,0,Mild,0
2021-05-19,347,22.05,0.0,0,Warm,0
2021-05-20,385,19.8625,0.0,0,Mild,0
2021-05-21,384,18.833333333333332,0.0,0,Mild,0
2021-05-22,378,23.28333333333333,0.0,0,Warm,1
2021-05-23,330,25.733333333333334,0.0,0,Warm,1
2021-05-24,322,18.491666666666667,0.0,0,Mild,0
2021-05-25,354,17.345833333333335,0.0,0,Mild,0
2021-05-26,333,22.150000000000002,0.008333333333333333,0,Warm,0
2021-05-27,433,22.9875,0.08750000000000001,0,Warm,0
2021-05-28,358,17.099999999999998,0.3875,0,Mild,0
2021-05-29,242,10.066666666666666,1.7083333333333333,0,Mild,1
2021-05-30,256,10.025,0.5541666666666667,0,Mild,1
2021-05-31,275,13.375,0.020833333333333332,0,Mild,0
2021-06-01,355,17.650000000000002,0.0,0,Mild,0
2021-06-02,339,19.087500000000002,0.0,0,Mild,0
2021-06-03,288,18.712500000000002,0.3,0,Mild,0
2021-06-04,331,21.366666666666664,0.27499999999999997,0,Warm,0
2021-06-05,365,23.224999999999998,0.0,0,Warm,1
2021-06-06,367,26.087500000000002,0.0,0,Warm,1
2021-06-07,381,26.008333333333336,0.08750000000000001,0,Warm,0
2021-06-08,355,25.3125,0.2875,0,Warm,0
2021-06-09,353,25.2625,0.10416666666666667,0,Warm,0
2021-06-10,370,24.2625,0.0,0,Warm,0
2021-06-11,343,18.816666666666666,0.12083333333333333,0,Mild,0
2021-06-12,327,19.320833333333333,0.008333333333333333,0,Mild,1
2021-06-13,330,19.658333333333335,0.0,0,Mild,1
2021-06-14,329,20.208333333333332,0.25416666666666665,0,Warm,0
2021-06-15,369,21.849999999999998,0.5916666666666667,0,Warm,0
2021-06-16,370,21.079166666666666,0.0,0,Warm,0
2021-06-17,388,20.129166666666666,0.0,0,Warm,0
2021-06-18,387,22.212500000000002,0.0,0,Warm,0
2021-06-19,372,24.52916666666667,0.012500000000000002,0,Warm,1
2021-06-20,323,23.45,0.029166666666666664,0,Warm,1
2021-06-21,361,25.8125,0.0,0,Warm,0
2021-06-22,290,22.2625,0.5750000000000001,0,Warm,0
2021-06-23,353,18.287499999999998,0.0,0,Mild,0
2021-06-24,384,19.8875,0.0,0,Mild,0
2021-06-25,381,20.6375,0.0,0,Warm,0
2021-06-26,375,24.02916666666667,0.0375,0,Warm,1
2021-06-27,333,26.370833333333334,0.0,0,Warm,1
2021-06-28,379,27.837500000000002,0.14583333333333334,0,Warm,0
2021-06-29,350,28.929166666666664,0.04583333333333334,0,Warm,0
2021-06-30,361,29.84166666666667,0.004166666666666667,0,Warm,0
2021-07-01,319,25.71666666666667,0.25416666666666665,0,Warm,0
2021-07-02,333,22.891666666666666,1.1624999999999999,0,Warm,0
2021-07-03,291,18.158333333333335,1.6791666666666665,0,Mild,1
2021-07-04,289,20.095833333333335,0.020833333333333332,0,Warm,1
2021-07-05,322,23.28333333333333,0.008333333333333333,0,Warm,0
2021-07-06,326,26.829166666666666,0.07916666666666666,0,Warm,0
2021-07-07,324,26.6375,0.06666666666666667,0,Warm,0
2021-07-08,305,26.0,0.5458333333333333,0,Warm,0
2021-07-09,346,24.995833333333334,0.6583333333333333,0,Warm,0
2021-07-10,293,24.833333333333332,0.004166666666666667,0,Warm,1
2021-07-11,263,23.916666666666668,0.020833333333333332,0,Warm,1
2021-07-12,303,25.0125,0.5541666666666667,0,Warm,0
2021-07-13,298,22.770833333333332,0.05416666666666667,0,Warm,0
2021-07-14,331,24.808333333333334,0.08333333333333333,0,Warm,0
2021-07-15,372,26.6375,0.029166666666666664,0,Warm,0
2021-07-16,350,28.495833333333334,0.0,0,Warm,0
2021-07-17,339,28.054166666666664,0.15416666666666667,0,Warm,1
2021-07-18,310,25.441666666666666,0.75,0,Warm,1
2021-07-19,328,24.579166666666666,0.020833333333333332,0,Warm,0
2021-07-20,286,25.974999999999998,0.012499999999999999,0,Warm,0
2021-07-21,330,25.495833333333334,0.07916666666666666,0,Warm,0
2021-07-22,329,23.59166666666667,0.029166666666666664,0,Warm,0
2021-07-23,324,23.875,0.008333333333333333,0,Warm,0
2021-07-24,337,23.724999999999998,0.0,0,Warm,1
2021-07-25,322,24.641666666666666,0.075,0,Warm,1
2021-07-26,359,26.770833333333332,0.0,0,Warm,0
2021-07-27,318,26.900000000000002,0.0,0,Warm,0
2021-07-28,300,24.625,0.0,0,Warm,0
2021-07-29,319,23.0125,0.2791666666666667,0,Warm,0
2021-07-30,383,24.47083333333333,0.23750000000000002,0,Warm,0
2021-07-31,353,21.258333333333333,0.0,0,Warm,1
2021-08-01,303,21.745833333333334,0.008333333333333333,0,Warm,1
2021-08-02,325,22.1125,0.0,0,Warm,0
2021-08-03,313,21.849999999999998,0.0,0,Warm,0
2021-08-04,291,21.712500000000002,0.004166666666666667,0,Warm,0
2021-08-05,304,22.504166666666666,0.0,0,Warm,0
2021-08-06,355,24.504166666666666,0.0,0,Warm,0
2021-08-07,334,25.349999999999998,0.0,0,Warm,1
2021-08-08,314,23.020833333333332,0.05833333333333334,0,Warm,1
2021-08-09,339,23.433333333333334,0.025000000000000005,0,Warm,0
2021-08-10,331,24.454166666666666,0.15,0,Warm,0
2021-08-11,316,26.3,0.04583333333333334,0,Warm,0
2021-08-12,324,27.541666666666668,0.0,0,Warm,0
2021-08-13,358,28.599999999999998,0.024999999999999998,0,Warm,0
2021-08-14,302,28.21666666666667,0.1375,0,Warm,1
2021-08-15,314,24.666666666666668,0.0,0,Warm,1
2021-08-16,301,23.59583333333333,0.012499999999999999,0,Warm,0
2021-08-17,286,24.375,0.325,0,Warm,0
2021-08-18,334,25.4875,0.075,0,Warm,0
2021-08-19,286,26.816666666666666,0.425,0,Warm,0
2021-08-20,325,25.599999999999998,0.0375,0,Warm,0
2021-08-21,321,24.945833333333336,0.05833333333333333,0,Warm,1
2021-08-22,257,24.104166666666668,2.466666666666667,0,Warm,1
2021-08-23,293,24.258333333333336,2.2958333333333334,0,Warm,0
2021-08-24,332,26.645833333333332,0.0,0,Warm,0
2021-08-25,336,27.020833333333332,0.0,0,Warm,0
2021-08-26,343,27.670833333333334,0.016666666666666666,0,Warm,0
2021-08-27,349,27.958333333333332,0.1708333333333333,0,Warm,0
2021-08-28,303,23.883333333333336,0.975,0,Warm,1
2021-08-29,358,21.90833333333333,0.0,0,Warm,1
2021-08-30,323,25.34583333333333,0.12916666666666668,0,Warm,0
2021-08-31,310,25.858333333333334,0.0,0,Warm,0
2021-09-01,319,23.21666666666667,0.5458333333333334,0,Warm,0
2021-09-02,365,20.7375,2.345833333333333,0,Warm,0
2021-09-03,352,19.508333333333333,0.0,0,Mild,0
2021-09-04,341,20.454166666666666,0.0,0,Warm,1
2021-09-05,293,21.099999999999998,0.012500000000000002,0,Warm,1
2021-09-06,299,23.59166666666667,0.0,0,Warm,0
2021-09-07,337,22.483333333333334,0.0,0,Warm,0
2021-09-08,334,23.5625,0.0,0,Warm,0
2021-09-09,294,22.254166666666666,0.7708333333333334,0,Warm,0
2021-09-10,352,20.583333333333332,0.0,0,Warm,0
2021-09-11,333,20.212500000000002,0.0,0,Warm,1
2021-09-12,321,22.354166666666668,0.0,0,Warm,1
2021-09-13,378,25.2375,0.0,0,Warm,0
2021-09-14,342,22.604166666666668,0.0,0,Warm,0
2021-09-15,356,24.883333333333336,0.0,0,Warm,0
2021-09-16,269,23.104166666666668,0.10416666666666667,0,Warm,0
2021-09-17,375,22.266666666666666,0.020833333333333332,0,Warm,0
2021-09-18,319,23.375,0.008333333333333333,0,Warm,1
2021-09-19,318,22.2,0.016666666666666666,0,Warm,1
2021-09-20,317,19.579166666666666,0.0,0,Mild,0
2021-09-21,311,20.3,0.0,0,Warm,0
2021-09-22,289,23.483333333333334,0.008333333333333333,0,Warm,0
2021-09-23,319,24.40833333333333,0.3458333333333334,0,Warm,0
2021-09-24,383,19.620833333333334,1.125,0,Mild,0
2021-09-25,358,19.129166666666666,0.0,0,Mild,1
2021-09-26,314,19.379166666666666,0.0,0,Mild,1
2021-09-27,325,19.770833333333332,0.0,0,Mild,0
2021-09-28,296,20.5875,0.1708333333333333,0,Warm,0
2021-09-29,343,16.779166666666665,0.0,0,Mild,0
2021-09-30,344,16.712500000000002,0.0,0,Mild,0
2021-10-01,385,15.091666666666667,0.0,0,Mild,0
2021-10-02,349,16.9375,0.0,0,Mild,1
2021-10-03,328,19.058333333333334,0.0,0,Mild,1
2021-10-04,290,20.6375,0.43333333333333335,0,Warm,0
2021-10-05,318,17.175,0.008333333333333333,0,Mild,0
2021-10-06,270,18.083333333333332,0.0,0,Mild,0
2021-10-07,368,18.599999999999998,0.004166666666666667,0,Mild,0
2021-10-08,361,18.941666666666666,0.0,0,Mild,0
2021-10-09,268,18.3875,0.016666666666666666,0,Mild,1
2021-10-10,269,17.67083333333333,0.09583333333333333,0,Mild,1
2021-10-11,297,18.533333333333335,0.0,0,Mild,0
2021-10-12,321,17.891666666666666,0.0,0,Mild,0
2021-10-13,312,18.166666666666668,0.0,0,Mild,0
2021-10-14,353,19.866666666666667,0.0,0,Mild,0
2021-10-15,381,19.833333333333332,0.0,0,Mild,0
2021-10-16,339,21.370833333333334,0.125,0,Warm,1
2021-10-17,319,14.887500000000001,0.32916666666666666,0,Mild,1
2021-10-18,318,12.583333333333334,0.0,0,Mild,0
2021-10-19,302,12.891666666666666,0.0,0,Mild,0
2021-10-20,365,17.808333333333334,0.0,0,Mild,0
2021-10-21,371,18.212500000000002,0.0,0,Mild,0
2021-10-22,381,18.033333333333335,0.0,0,Mild,0
2021-10-23,312,13.220833333333333,0.012499999999999999,0,Mild,1
2021-10-24,236,11.904166666666667,0.012500000000000002,0,Mild,1
2021-10-25,330,17.108333333333334,0.14166666666666666,0,Mild,0
2021-10-26,323,16.566666666666666,3.7624999999999997,1,Mild,0
2021-10-27,323,14.395833333333334,0.7458333333333332,0,Mild,0
2021-10-28,344,12.179166666666667,0.0,0,Mild,0
2021-10-29,357,11.795833333333334,0.05416666666666667,0,Mild,0
2021-10-30,352,14.883333333333333,0.4375,0,Mild,1
2021-10-31,362,15.0625,0.275,0,Mild,1
2021-11-01,331,13.545833333333334,0.0,0,Mild,0
2021-11-02,276,10.370833333333334,0.0,0,Mild,0
2021-11-03,321,8.245833333333334,0.0,0,Cold,0
2021-11-04,317,7.045833333333333,0.0,0,Cold,0
2021-11-05,386,7.3,0.0,0,Cold,0
2021-11-06,335,7.425,0.0,0,Cold,1
2021-11-07,265,7.341666666666666,0.0,0,Cold,1
2021-11-08,329,10.854166666666666,0.0,0,Mild,0
2021-11-09,327,11.958333333333334,0.0,0,Mild,0
2021-11-10,346,13.833333333333334,0.0,0,Mild,0
2021-11-11,293,10.237499999999999,0.0,0,Mild,0
2021-11-12,353,16.158333333333335,0.7708333333333334,0,Mild,0
2021-11-13,335,9.491666666666667,0.225,0,Cold,1
2021-11-14,269,6.133333333333333,0.0,0,Cold,1
2021-11-15,343,6.425,0.02916666666666667,0,Cold,0
2021-11-16,315,6.295833333333333,0.0,0,Cold,0
2021-11-17,317,6.741666666666667,0.0,0,Cold,0
2021-11-18,351,12.5875,0.0,0,Mild,0
2021-11-19,349,8.987499999999999,0.2333333333333333,0,Cold,0
2021-11-20,305,4.891666666666667,0.0,0,Cold,1
2021-11-21,273,7.566666666666666,0.0,0,Cold,1
2021-11-22,314,9.983333333333333,0.10416666666666667,0,Cold,0
2021-11-23,340,3.483333333333333,0.0,0,Cold,0
2021-11-24,368,2.783333333333333,0.0,0,Cold,0
2021-11-25,217,5.558333333333334,0.0,0,Cold,0
2021-11-26,261,7.075,0.17500000000000002,0,Cold,0
2021-11-27,264,3.5583333333333336,0.0,0,Cold,1
2021-11-28,271,2.2624999999999997,0.03333333333333333,0,Cold,1
2021-11-29,323,3.829166666666667,0.0,0,Cold,0
2021-11-30,282,1.4916666666666665,0.0,0,Cold,0
2021-12-01,266,4.983333333333333,0.0,0,Cold,0
2021-12-02,319,8.887500000000001,0.041666666666666664,0,Cold,0
2021-12-03,343,8.145833333333334,0.0,0,Cold,0
2021-12-04,278,4.333333333333333,0.0,0,Cold,1
2021-12-05,255,4.966666666666667,0.0,0,Cold,1
2021-12-06,345,10.5375,0.08750000000000001,0,Mild,0
2021-12-07,321,5.991666666666667,0.075,0,Cold,0
2021-12-08,287,3.1125000000000003,0.004166666666666667,0,Cold,0
2021-12-09,283,2.1,0.004166666666666667,0,Cold,0
2021-12-10,301,4.479166666666667,0.025000000000000005,0,Cold,0
2021-12-11,307,9.4,0.13749999999999998,0,Cold,1
2021-12-12,266,9.704166666666667,0.19999999999999998,0,Cold,1
2021-12-13,302,6.125,0.0,0,Cold,0
2021-12-14,322,7.245833333333334,0.0,0,Cold,0
2021-12-15,285,5.579166666666667,0.008333333333333333,0,Cold,0
2021-12-16,317,12.1,0.020833333333333332,0,Mild,0
2021-12-17,305,12.775,0.0,0,Mild,0
2021-12-18,331,6.495833333333334,0.09583333333333333,0,Cold,1
2021-12-19,291,4.9750000000000005,0.08750000000000001,0,Cold,1
2021-12-20,292,-0.7333333333333333,0.0,1,Very Cold,0
2021-12-21,256,1.1083333333333334,0.0,0,Cold,0
2021-12-22,278,5.004166666666666,0.17916666666666667,0,Cold,0
2021-12-23,302,1.325,0.0,0,Cold,0
2021-12-24,281,1.0541666666666667,0.05416666666666667,0,Cold,0
2021-12-25,189,4.3500000000000005,0.3833333333333333,0,Cold,1
2021-12-26,186,7.966666666666666,0.004166666666666667,0,Cold,1
2021-12-27,207,2.783333333333333,0.0,0,Cold,0
2021-12-28,221,4.304166666666666,0.09166666666666667,0,Cold,0
2021-12-29,192,5.854166666666667,0.21250000000000002,0,Cold,0
2021-12-30,223,6.954166666666667,0.10000000000000002,0,Cold,0
2021-12-31,232,7.9,0.0,0,Cold,0
